noise_type,level,model,accuracy,macro_f1,weighted_f1
gaussian,0.01,CNN,0.991552111972007,0.9724670810544266,0.9915697741010275
gaussian,0.01,ResNet1D,0.9849037740564859,0.9538798293643932,0.984975529923657
gaussian,0.01,RandomForest,0.9847538115471132,0.9500932173431028,0.9840938253331625
gaussian,0.03,CNN,0.987903024243939,0.9579623139318476,0.9876926900948274
gaussian,0.03,ResNet1D,0.9715571107223194,0.9008130444991762,0.9698673656968365
gaussian,0.03,RandomForest,0.9829542614346414,0.9419413464349284,0.9820386853857238
gaussian,0.05,CNN,0.9756060984753812,0.9095077835982772,0.9741953180476892
gaussian,0.05,ResNet1D,0.938365408647838,0.7716394305532128,0.9296357081566292
gaussian,0.05,RandomForest,0.9800549862534367,0.9283074379880816,0.9786171667123541
gaussian,0.08,CNN,0.9445638590352412,0.7869144623186535,0.9375862375976255
gaussian,0.08,ResNet1D,0.8618845288677831,0.5887947679171014,0.8402626234897342
gaussian,0.08,RandomForest,0.9702574356410897,0.8715895184286195,0.9658494382448942
