Тип шума,Макс. уровень,Модель,Accuracy,Macro F1
Гауссов шум,0.08,CNN,0.9446,0.7869
Гауссов шум,0.08,ResNet1D,0.8619,0.5888
Гауссов шум,0.08,RandomForest,0.9703,0.8716
Дрейф изолинии,0.15,CNN,0.9918,0.9740
Дрейф изолинии,0.15,ResNet1D,0.9833,0.9498
Дрейф изолинии,0.15,RandomForest,0.9719,0.8901
Сетевая помеха,0.08,CNN,0.9832,0.9357
Сетевая помеха,0.08,ResNet1D,0.8427,0.6395
Сетевая помеха,0.08,RandomForest,0.9767,0.9114
Мышечный шум,0.07,CNN,0.9882,0.9603
Мышечный шум,0.07,ResNet1D,0.9758,0.9228
Мышечный шум,0.07,RandomForest,0.9830,0.9422
